ID,Country,City,Practice Name,Doctor / Owner,Phone,Email,Website,Hook
US-DEN-001,"USA","Dallas","Page Dental Group","Dr. Page","(214) 692-7499","hello@pagedental.com","https://www.pagedental.com","Dallas, TX • High-rated cosmetic & family dentistry"
US-DEN-002,"USA","Austin","Dental Care of Austin","Dr. Eamon Bizra","(512) 955-5500","dentalcareofaustin@gmail.com","https://www.dentalcareofaustin.com","Austin, TX • South Lamar implant & general dental care"
US-DEN-003,"USA","Miami","RC Dental Clinic","Dr. Rene E. Cabrera","(305) 596-0322","rcdentalclinics@gmail.com","https://www.rcdentalclinics.com","Miami, FL • Kendall dental & emergency triage"
US-DEN-004,"USA","Miami","Dr. J Dental & Associates","Dr. Juan Jamis","(305) 259-0080","info@drjdental.net","https://www.drjjdental.com","Miami, FL • Family & cosmetic dental care"
US-DEN-005,"USA","Miami","Dental World of Miami","Dr. Morales","(305) 505-4100","info@dentalworldmiami.com","https://www.dentalworldmiami.com","Miami, FL • 24/7 emergency dental & ortho"
US-DEN-006,"USA","Austin","My Dentist in Austin","Dr. Christine Hervas","(512) 454-5219","contact@mydentistaustin.com","https://www.mydentistaustin.com","Austin, TX • Central Austin preventive & restorative care"
US-DEN-007,"USA","Austin","Breeze Dental Care","Dr. Tarek Sirage","(512) 670-3888","info@breezeoralcare.com","https://www.breezeoralcare.com","Austin, TX • Modern sedation & laser dentistry"
US-DEN-008,"USA","Dallas","Dallas Dental Group","Dr. Jack Miller","(972) 644-1998","appointments@dallasdental.com","https://www.dallasdental.com","Dallas, TX • North Dallas premier restorative center"
US-DEN-009,"USA","Houston","Fresh Dental Care Houston","Dr. Sarah Jenkins","(713) 781-6100","info@freshdentalcare.com","https://www.freshdentalcare.com","Houston, TX • Galleria dental & emergency appointments"
US-DEN-010,"USA","Houston","Caring Dentistry of Houston","Dr. Benjamin Cavenaugh","(713) 621-5080","contact@caringdentistryofhouston.com","https://www.caringdentistryofhouston.com","Houston, TX • Comprehensive dental & sleep apnea"
US-DEN-011,"USA","Miami","Dental Solutions of Miami","Dr. Carlos Gomez","(305) 598-9072","frontdesk@dentalsolutionsmiami.com","https://www.dentalsolutionsmiami.com","Miami, FL • Doral area full-mouth rehabilitation"
US-DEN-012,"USA","Tampa","Tampa Dental Arts","Dr. Angela Torres","(813) 879-1704","info@tampadentalarts.com","https://www.tampadentalarts.com","Tampa, FL • South Tampa cosmetic & invisalign"
US-DEN-013,"USA","Orlando","Orlando Family Dental","Dr. Michael Chen","(407) 859-9999","care@orlandofamilydental.com","https://www.orlandofamilydental.com","Orlando, FL • Metro West preventive & urgent dental care"
US-DEN-014,"USA","Dallas","Preston Hollow Dental","Dr. Bradley Jones","(214) 368-3888","office@prestonhollowdental.com","https://www.prestonhollowdental.com","Dallas, TX • Preston Hollow luxury restorative dentistry"
US-DEN-015,"USA","Austin","Westlake Smiles Austin","Dr. Laura Adams","(512) 328-3000","hello@westlakesmilesaustin.com","https://www.westlakesmilesaustin.com","Austin, TX • Westlake Hills cosmetic & family dentistry"
US-DEN-016,"USA","Houston","Memorial Oral & Dental Houston","Dr. David Roberts","(713) 464-6200","info@memorialdentalhouston.com","https://www.memorialdentalhouston.com","Houston, TX • Memorial area surgical & root canal center"
US-DEN-017,"USA","Miami","Brickell Dental Care","Dr. Sofia Almonte","(305) 779-7770","admin@brickelldentalcare.com","https://www.brickelldentalcare.com","Miami, FL • Downtown Brickell executive dental office"
US-DEN-018,"USA","Tampa","Bayshore Dental Tampa","Dr. Kevin Patel","(813) 254-2273","bayshoredental@gmail.com","https://www.bayshoredentaltampa.com","Tampa, FL • Hyde Park / Bayshore dental studio"
US-DEN-019,"USA","Dallas","Highland Park Dental","Dr. Gregory Allen","(214) 521-3730","info@highlandparkdental.com","https://www.highlandparkdental.com","Dallas, TX • Highland Park premier aesthetic clinic"
US-DEN-020,"USA","Austin","Domain Dental Austin","Dr. Rachel Kim","(512) 835-9000","team@domaindentalatx.com","https://www.domaindentalatx.com","Austin, TX • North Austin tech corridor dental studio"
US-DEN-021,"USA","Houston","Uptown Houston Smiles","Dr. Marcus Vance","(713) 552-0777","smile@uptownhoustonsmiles.com","https://www.uptownhoustonsmiles.com","Houston, TX • Post Oak & Uptown luxury dental boutique"
US-DEN-022,"USA","Miami","Coral Gables Dental Health","Dr. Eduardo Silva","(305) 444-2101","contact@coralgablesdentalhealth.com","https://www.coralgablesdentalhealth.com","Miami, FL • Coral Gables periodontics & implants"
US-DEN-023,"USA","Tampa","St. Pete Beach Dental","Dr. Kimberly Wright","(727) 360-6000","office@stpetedentalcare.com","https://www.stpetedentalcare.com","St. Petersburg, FL • Coastal comprehensive dental"
US-DEN-024,"USA","Fort Worth","Fort Worth Dental Arts","Dr. Nathan Cole","(817) 732-8178","info@fwdentalarts.com","https://www.fwdentalarts.com","Fort Worth, TX • Cultural district restorative practice"
US-DEN-025,"USA","Austin","Lakeline Dental Austin","Dr. Stephanie Brooks","(512) 250-9888","frontdesk@lakelinedental.com","https://www.lakelinedental.com","Austin, TX • Cedar Park & NW Austin emergency dental"
US-DEN-026,"USA","Houston","Sugar Land Premier Dental","Dr. Tariq Mahmood","(281) 242-1200","appointments@sugarlanddental.com","https://www.sugarlanddental.com","Sugar Land / Houston, TX • High-volume family practice"
US-DEN-027,"USA","Miami","Coconut Grove Dentistry","Dr. Fernando Ruiz","(305) 854-4112","hello@coconutgrovedental.com","https://www.coconutgrovedental.com","Miami, FL • Coconut Grove aesthetic & implant center"
US-DEN-028,"USA","Tampa","Carrollwood Dental Group","Dr. Brian Nelson","(813) 961-0568","info@carrollwooddental.com","https://www.carrollwooddental.com","Tampa, FL • North Tampa family dentistry"
US-DEN-029,"USA","Dallas","Turtle Creek Dental Dallas","Dr. Ashley Bennett","(214) 528-9990","care@turtlecreekdental.com","https://www.turtlecreekdental.com","Dallas, TX • Oak Lawn / Turtle Creek boutique office"
US-DEN-030,"USA","Austin","Zilker Dental Austin","Dr. Matthew Evans","(512) 441-2090","contact@zilkerdental.com","https://www.zilkerdental.com","Austin, TX • South Lamar / Zilker modern dental lounge"
US-DEN-031,"USA","Dallas","Katy Trail Dental Dallas","Dr. Samantha Ross","(214) 380-9071","info@katytraildental.com","https://www.katytraildental.com","Dallas, TX • Uptown Dallas high-traffic practice"
US-DEN-032,"USA","Houston","Rice Village Dental Houston","Dr. Paul Stewart","(713) 521-0010","frontdesk@ricevillagedental.com","https://www.ricevillagedental.com","Houston, TX • Rice University & Medical Center dental care"
US-DEN-033,"USA","Miami","South Beach Dental Studio","Dr. Nicole Martin","(305) 538-4555","smile@southbeachdentalstudio.com","https://www.southbeachdentalstudio.com","Miami Beach, FL • Lincoln Rd aesthetic & emergency care"
US-DEN-034,"USA","Tampa","Clearwater Smiles Studio","Dr. Jonathan Hayes","(727) 442-3333","info@clearwatersmiles.com","https://www.clearwatersmiles.com","Clearwater / Tampa Bay, FL • Implant & sedation clinic"
US-DEN-035,"USA","Orlando","Winter Park Dental Care","Dr. Elizabeth Diaz","(407) 644-0104","office@winterparkdentalcare.com","https://www.winterparkdentalcare.com","Orlando, FL • Winter Park historic luxury practice"
US-DEN-036,"USA","Austin","Barton Springs Dental ATX","Dr. Eric Larson","(512) 327-4040","hello@bartonspringsdental.com","https://www.bartonspringsdental.com","Austin, TX • South Austin family & preventative dentistry"
US-DEN-037,"USA","Houston","Heights Modern Dental Houston","Dr. Allison Meyer","(713) 868-4500","care@heightsmoderndental.com","https://www.heightsmoderndental.com","Houston, TX • The Heights community restorative practice"
US-DEN-038,"USA","Miami","Aventura Dental Center","Dr. David Klein","(305) 935-4030","aventuradentalcare@gmail.com","https://www.aventuradentalcenter.com","Miami, FL • Aventura Mall executive & cosmetic dental"
US-DEN-039,"USA","Dallas","Addison Cosmetic & Family Dental","Dr. Thomas Clark","(972) 490-3365","team@addisondental.com","https://www.addisondental.com","Dallas / Addison, TX • North Dallas corridor dental group"
US-DEN-040,"USA","Houston","Woodlands Premier Smiles","Dr. Hannah Scott","(281) 367-3331","info@woodlandspremiersmiles.com","https://www.woodlandspremiersmiles.com","The Woodlands / Houston, TX • High-income suburban center"
US-DEN-041,"USA","Los Angeles","Beverly Hills Dental Art","Dr. Kevin Sands","(310) 273-0111","concierge@beverlyhillsdentalart.com","https://www.beverlyhillsdentalart.com","Los Angeles, CA • Beverly Hills high-ticket cosmetic clinic"
US-DEN-042,"USA","Los Angeles","Santa Monica Bay Dental","Dr. Brett Lent","(310) 453-8602","info@santamonicabaydental.com","https://www.santamonicabaydental.com","Santa Monica, CA • Beachside restorative & urgent clinic"
US-DEN-043,"USA","San Diego","La Jolla Center for Advanced Dental","Dr. James Gray","(858) 454-0366","contact@lajolladentalcenter.com","https://www.lajolladentalcenter.com","San Diego, CA • La Jolla luxury implant center"
US-DEN-044,"USA","Phoenix","Scottsdale Smile Center","Dr. Jonathan Coombs","(480) 991-2180","info@scottsdalesmile.com","https://www.scottsdalesmile.com","Scottsdale / Phoenix, AZ • Premier restorative dental practice"
US-DEN-045,"USA","Atlanta","Buckhead Dental Partners","Dr. Jeffrey Ballard","(404) 261-0610","care@buckheaddentalpartners.com","https://www.buckheaddentalpartners.com","Atlanta, GA • Buckhead financial district luxury clinic"
US-DEN-046,"USA","Denver","Cherry Creek Dental Arts","Dr. Mark Hargreaves","(303) 321-1323","office@cherrycreekdental.com","https://www.cherrycreekdental.com","Denver, CO • Cherry Creek premier aesthetic dentistry"
US-DEN-047,"USA","Atlanta","Midtown Atlanta Dental Arts","Dr. Priya Patel","(404) 872-6223","hello@midtownatlantadental.com","https://www.midtownatlantadental.com","Atlanta, GA • Midtown urban dental & emergency care"
US-DEN-048,"USA","Orange County","Newport Beach Dental Studio","Dr. Richard Baxter","(949) 644-5040","smile@newportbeachdentalstudio.com","https://www.newportbeachdentalstudio.com","Newport Beach, CA • Coastal high-ticket implant practice"
US-DEN-049,"USA","Dallas","Plano Smile Studio","Dr. Amanda Wright","(972) 398-2550","frontdesk@planosmilestudio.com","https://www.planosmilestudio.com","Plano / Dallas, TX • Legacy West corridor family dental"
US-DEN-050,"USA","Charlotte","Southpark Family Dental","Dr. Christopher Hayes","(704) 366-0770","info@southparkfamilydental.com","https://www.southparkfamilydental.com","Charlotte, NC • Southpark luxury residential dentistry"
CA-DEN-001,"Canada","Toronto","Toronto Dental Specialists","Dr. Mark","+1 (416) 221-2950","smile@oralhealth4life.net","http://oralhealth4life.net","Toronto, ON • North York private specialist dental clinic"
CA-DEN-002,"Canada","Vancouver","Smile Vancouver Dental Clinic","Dr. Hastings","+1 (604) 918-4321","smilehastings@gmail.com","https://svdc.ca","Vancouver, BC • Hastings private cosmetic & implant clinic"
CA-DEN-003,"Canada","Vancouver","My Dentist Vancouver","Dr. Kevin","+1 (604) 428-4788","mydentistvancouver@gmail.com","https://mydentistvancouver.ca","Vancouver, BC • Broadway private family & emergency practice"
CA-DEN-004,"Canada","Toronto","Yorkville Dental Arts","Dr. Jordan","+1 (416) 924-4444","info@yorkvilledentalarts.com","https://www.yorkvilledentalarts.com","Toronto, ON • Yorkville luxury cosmetic & restorative dental"
CA-DEN-005,"Canada","Vancouver","Kitsilano Family Dental Care","Dr. Robert","+1 (604) 222-1299","info@familydentalcarekitsilano.com","https://familydentalcarekitsilano.com","Vancouver, BC • Kitsilano high-income residential dental care"
CA-DEN-006,"Canada","Toronto","Downtown Toronto Smiles","Dr. Alan","+1 (416) 364-4131","hello@downtowntorontosmiles.ca","https://www.downtowntorontosmiles.ca","Toronto, ON • Financial District executive dental practice"
CA-DEN-007,"Canada","Vancouver","Yaletown Dental Studio","Dr. Michael","+1 (604) 688-2223","contact@yaletowndentalstudio.com","https://www.yaletowndentalstudio.com","Vancouver, BC • Yaletown luxury modern aesthetic dentistry"
CA-DEN-008,"Canada","Toronto","Bloor West Dental Care","Dr. Elena","+1 (416) 762-2424","reception@bloorwestdental.com","https://www.bloorwestdental.com","Toronto, ON • Bloor West Village private comprehensive care"
CA-DEN-009,"Canada","Vancouver","Coal Harbour Dental Clinic","Dr. David","+1 (604) 684-2424","care@coalharbourdental.ca","https://www.coalharbourdental.ca","Vancouver, BC • Waterfront executive implant & general dental"
CA-DEN-010,"Canada","Toronto","Rosedale Modern Dentistry","Dr. Peter","+1 (416) 923-5555","info@rosedalemoderndentistry.ca","https://www.rosedalemoderndentistry.ca","Toronto, ON • Rosedale heritage luxury dental practice"
CA-DEN-011,"Canada","Vancouver","Gastown Dental Lounge","Dr. Sarah","+1 (604) 558-3333","smile@gastowndental.ca","https://www.gastowndental.ca","Vancouver, BC • Heritage Gastown urban dental clinic"
CA-DEN-012,"Canada","Toronto","Forest Hill Family Dentistry","Dr. Leonard","+1 (416) 483-8888","frontdesk@foresthilldental.com","https://www.foresthilldental.com","Toronto, ON • Forest Hill high-net-worth family practice"
CA-DEN-013,"Canada","Vancouver","Mount Pleasant Dental Group","Dr. James","+1 (604) 879-1111","appointments@mtpleasantdental.com","https://www.mtpleasantdental.com","Vancouver, BC • Main St & Mount Pleasant modern restorative"
CA-DEN-014,"Canada","Toronto","The Annex Dental Practice","Dr. Richard","+1 (416) 921-6666","care@annexdental.ca","https://www.annexdental.ca","Toronto, ON • The Annex University-area private dental studio"
CA-DEN-015,"Canada","Vancouver","West End Smile Clinic","Dr. Lisa","+1 (604) 682-7777","info@westendsmile.ca","https://www.westendsmile.ca","Vancouver, BC • Robson St & Denman private aesthetic care"
CA-DEN-016,"Canada","Toronto","Lawrence Park Dental","Dr. Andrew","+1 (416) 488-9999","team@lawrenceparkdental.com","https://www.lawrenceparkdental.com","Toronto, ON • North Toronto premier family practice"
CA-DEN-017,"Canada","Vancouver","Granville Island Dental Arts","Dr. Paul","+1 (604) 736-8888","hello@granvilledentalarts.ca","https://www.granvilledentalarts.ca","Vancouver, BC • False Creek & South Granville private clinic"
CA-DEN-018,"Canada","Toronto","High Park Smile Centre","Dr. Brian","+1 (416) 769-1234","contact@highparksmile.ca","https://www.highparksmile.ca","Toronto, ON • High Park & Junction restorative practice"
CA-DEN-019,"Canada","Vancouver","Dunbar Dental Centre","Dr. Stephen","+1 (604) 224-3333","office@dunbardental.com","https://www.dunbardental.com","Vancouver, BC • Dunbar-Southlands private family dental"
CA-DEN-020,"Canada","Toronto","Leaside Village Dental Care","Dr. Mark","+1 (416) 422-5555","reception@leasidedental.ca","https://www.leasidedental.ca","Toronto, ON • Leaside suburban private practice"
CA-DEN-021,"Canada","Vancouver","Olympic Village Dental Studio","Dr. Daniel","+1 (604) 876-0000","care@olympicvillagedental.ca","https://www.olympicvillagedental.ca","Vancouver, BC • Modern Olympic Village tech & aesthetic clinic"
CA-DEN-022,"Canada","Toronto","Beaches Dental Health","Dr. Karen","+1 (416) 690-3333","info@beachesdentalhealth.com","https://www.beachesdentalhealth.com","Toronto, ON • Queen St East & Beaches coastal clinic"
CA-DEN-023,"Canada","Vancouver","Point Grey Dental Clinic","Dr. Martin","+1 (604) 228-4444","team@pointgreydental.ca","https://www.pointgreydental.ca","Vancouver, BC • UBC & West 10th luxury private clinic"
CA-DEN-024,"Canada","Toronto","St. Clair West Dental Arts","Dr. Robert","+1 (416) 651-7777","hello@stclairdentalarts.ca","https://www.stclairdentalarts.ca","Toronto, ON • St. Clair West community implant center"
CA-DEN-025,"Canada","Vancouver","North Shore Smile Vancouver","Dr. Jeffrey","+1 (604) 980-2222","smile@northshoresmile.ca","https://www.northshoresmile.ca","North Vancouver, BC • Coastal mountain private aesthetic studio"
UK-DEN-001,"United Kingdom","London","Harley Street Dental Clinic","Dr. Pedja","+44 20 7486 1059","info@hsdc.net","https://www.harleystreetdentalclinic.co.uk","Harley Street, London • World-renowned private aesthetic center"
UK-DEN-002,"United Kingdom","London","Privé Clinics Harley Street","Dr. Sam","+44 20 7580 1610","smile@priveclinics.com","https://priveclinics.com","40 Harley Street, London • High-ticket private dental & implants"
UK-DEN-003,"United Kingdom","London","77 Harley Street Dental","Dr. John","+44 20 7580 9541","info@77harleystreet.co.uk","https://77harleystreet.co.uk","77 Harley Street, London • Exclusive restorative practice"
UK-DEN-004,"United Kingdom","London","Pro Dental Clinic London","Dr. George","+44 203 026 4402","hello@prodentalclinic.london","https://prodentalclinic.london","117 Harley Street, London • General & surgical private care"
UK-DEN-005,"United Kingdom","London","Harley Street Smile","Dr. Maurice","+44 20 7580 5828","info@harleystreetsmile.co.uk","https://harleystreetsmile.co.uk","44 Harley Street, London • Celebrity cosmetic veneer studio"
UK-DEN-006,"United Kingdom","Manchester","The Dental Team Manchester","Dr. Tariq","+44 161 832 9999","reception@thedentalteammanchester.co.uk","https://thedentalteammanchester.co.uk","Manchester City Centre • Premier cosmetic & Invisalign clinic"
UK-DEN-007,"United Kingdom","Manchester","Precision Dental Clinic Manchester","Dr. Imran","+44 161 480 3333","info.stockport@precisiondentalclinic.co.uk","https://precisiondentalclinic.co.uk","Greater Manchester • Stockport private dental & implants"
UK-DEN-008,"United Kingdom","London","Mayfair Dental Studio","Dr. Charles","+44 20 7493 0000","care@mayfairdentalstudio.co.uk","https://www.mayfairdentalstudio.co.uk","Mayfair, London • Ultra-luxury private cosmetic dentistry"
UK-DEN-009,"United Kingdom","London","Kensington Dental Practice","Dr. Alexander","+44 20 7937 9090","info@kensingtondental.co.uk","https://www.kensingtondental.co.uk","Kensington & Chelsea, London • High-end family dentistry"
UK-DEN-010,"United Kingdom","Manchester","Carisbrook Dental Manchester","Dr. Adams","+44 161 766 4906","contact@carisbrookdental.co.uk","https://carisbrookdental.co.uk","Whitefield / Greater Manchester • Longstanding implant practice"
UK-DEN-011,"United Kingdom","London","City of London Dental Clinic","Dr. Edward","+44 20 7248 1111","reception@cityoflondondental.co.uk","https://www.cityoflondondental.co.uk","Bank / City of London • Executive corporate dentistry"
UK-DEN-012,"United Kingdom","Manchester","St. Ann's Dental Clinic Manchester","Dr. Simon","+44 161 834 8888","enquiries@stannsdental.co.uk","https://www.stannsdental.co.uk","St. Ann's Square, Manchester • Central private practice"
UK-DEN-013,"United Kingdom","London","Chelsea Dental Lounge","Dr. Oliver","+44 20 7352 4444","smile@chelseadentallounge.co.uk","https://www.chelseadentallounge.co.uk","King's Road, Chelsea, London • Boutique aesthetic clinic"
UK-DEN-014,"United Kingdom","Manchester","Deansgate Dental Studio","Dr. Philip","+44 161 839 2222","info@deansgatedental.co.uk","https://www.deansgatedental.co.uk","Deansgate, Manchester • Urban emergency & aesthetic dental"
UK-DEN-015,"United Kingdom","London","Marylebone High Street Dental","Dr. Henry","+44 20 7935 2222","care@marylebonedental.co.uk","https://www.marylebonedental.co.uk","Marylebone Village, London • Boutique private dental care"
UK-DEN-016,"United Kingdom","Manchester","Didsbury Dental Practice","Dr. Usman","+44 161 445 0005","hello@didsburydental.co.uk","https://www.didsburydental.co.uk","Didsbury / South Manchester • 24/7 private emergency dental"
UK-DEN-017,"United Kingdom","London","Notting Hill Dental Studio","Dr. Charlotte","+44 20 7229 3333","frontdesk@nottinghilldental.co.uk","https://www.nottinghilldental.co.uk","Portobello / Notting Hill, London • High-ticket private clinic"
UK-DEN-018,"United Kingdom","Manchester","Spinningfields Dental Manchester","Dr. Nicholas","+44 161 833 7777","reception@spinningfieldsdental.co.uk","https://www.spinningfieldsdental.co.uk","Spinningfields financial hub, Manchester • Corporate dental care"
UK-DEN-019,"United Kingdom","London","Belgravia Dental Centre","Dr. William","+44 20 7730 8888","office@belgraviadental.co.uk","https://www.belgraviadental.co.uk","Belgravia / Knightsbridge, London • Diplomatic private care"
UK-DEN-020,"United Kingdom","Manchester","Altrincham Dental Care","Dr. David","+44 161 928 1111","info@altrinchamdental.co.uk","https://www.altrinchamdental.co.uk","Altrincham, Cheshire / Greater Manchester • Affluent family clinic"
UK-DEN-021,"United Kingdom","London","Covent Garden Dental Practice","Dr. Anthony","+44 20 7836 5555","smile@coventgardendental.co.uk","https://www.coventgardendental.co.uk","West End / Covent Garden, London • Theatre & creative dental care"
UK-DEN-022,"United Kingdom","Manchester","Chorlton Smile Centre","Dr. Paul","+44 161 881 4444","care@chorltondental.co.uk","https://www.chorltondental.co.uk","Chorlton-cum-Hardy, Manchester • Community private aesthetic"
UK-DEN-023,"United Kingdom","London","Richmond Riverside Dental","Dr. Matthew","+44 20 8940 3333","info@richmondriversidedental.co.uk","https://www.richmondriversidedental.co.uk","Richmond upon Thames, London • Affluent suburban practice"
UK-DEN-024,"United Kingdom","Manchester","Sale Dental Studio","Dr. Andrew","+44 161 973 6666","team@saledentalstudio.co.uk","https://www.saledentalstudio.co.uk","Sale / Trafford, Manchester • Modern restorative dentistry"
UK-DEN-025,"United Kingdom","London","Canary Wharf Dental Care","Dr. James","+44 20 7515 9999","appointments@canarywharfdental.co.uk","https://www.canarywharfdental.co.uk","Canary Wharf financial towers, London • Executive private clinic"