ID,Practice Name,Doctor / Owner,City,State,Phone,Email,Website,Hook
US-DEN-001,"Page Dental Group","Dr. Page","Dallas","TX","(214) 692-7499","hello@pagedental.com","https://www.pagedental.com","Dallas, TX • High-rated cosmetic & family dentistry"
US-DEN-002,"Dental Care of Austin","Dr. Eamon Bizra","Austin","TX","(512) 955-5500","dentalcareofaustin@gmail.com","https://www.dentalcareofaustin.com","Austin, TX • South Lamar implant & general dental care"
US-DEN-003,"RC Dental Clinic","Dr. Rene E. Cabrera","Miami","FL","(305) 596-0322","rcdentalclinics@gmail.com","https://www.rcdentalclinics.com","Miami, FL • Kendall dental & emergency triage"
US-DEN-004,"Dr. J Dental & Associates","Dr. Juan Jamis","Miami","FL","(305) 259-0080","info@drjdental.net","https://www.drjjdental.com","Miami, FL • Family & cosmetic dental care"
US-DEN-005,"Dental World of Miami","Dr. Morales","Miami","FL","(305) 505-4100","info@dentalworldmiami.com","https://www.dentalworldmiami.com","Miami, FL • 24/7 emergency dental & ortho"
US-DEN-006,"My Dentist in Austin","Dr. Christine Hervas","Austin","TX","(512) 454-5219","contact@mydentistaustin.com","https://www.mydentistaustin.com","Austin, TX • Central Austin preventive & restorative care"
US-DEN-007,"Breeze Dental Care","Dr. Tarek Sirage","Austin","TX","(512) 670-3888","info@breezeoralcare.com","https://www.breezeoralcare.com","Austin, TX • Modern sedation & laser dentistry"
US-DEN-008,"Dallas Dental Group","Dr. Jack Miller","Dallas","TX","(972) 644-1998","appointments@dallasdental.com","https://www.dallasdental.com","Dallas, TX • North Dallas premier restorative center"
US-DEN-009,"Fresh Dental Care Houston","Dr. Sarah Jenkins","Houston","TX","(713) 781-6100","info@freshdentalcare.com","https://www.freshdentalcare.com","Houston, TX • Galleria dental & emergency appointments"
US-DEN-010,"Caring Dentistry of Houston","Dr. Benjamin Cavenaugh","Houston","TX","(713) 621-5080","contact@caringdentistryofhouston.com","https://www.caringdentistryofhouston.com","Houston, TX • Comprehensive dental & sleep apnea"
US-DEN-011,"Dental Solutions of Miami","Dr. Carlos Gomez","Miami","FL","(305) 598-9072","frontdesk@dentalsolutionsmiami.com","https://www.dentalsolutionsmiami.com","Miami, FL • Doral area full-mouth rehabilitation"
US-DEN-012,"Tampa Dental Arts","Dr. Angela Torres","Tampa","FL","(813) 879-1704","info@tampadentalarts.com","https://www.tampadentalarts.com","Tampa, FL • South Tampa cosmetic & invisalign"
US-DEN-013,"Orlando Family Dental","Dr. Michael Chen","Orlando","FL","(407) 859-9999","care@orlandofamilydental.com","https://www.orlandofamilydental.com","Orlando, FL • Metro West preventive & urgent dental care"
US-DEN-014,"Preston Hollow Dental","Dr. Bradley Jones","Dallas","TX","(214) 368-3888","office@prestonhollowdental.com","https://www.prestonhollowdental.com","Dallas, TX • Preston Hollow luxury restorative dentistry"
US-DEN-015,"Westlake Smiles Austin","Dr. Laura Adams","Austin","TX","(512) 328-3000","hello@westlakesmilesaustin.com","https://www.westlakesmilesaustin.com","Austin, TX • Westlake Hills cosmetic & family dentistry"
US-DEN-016,"Memorial Oral & Dental Houston","Dr. David Roberts","Houston","TX","(713) 464-6200","info@memorialdentalhouston.com","https://www.memorialdentalhouston.com","Houston, TX • Memorial area surgical & root canal center"
US-DEN-017,"Brickell Dental Care","Dr. Sofia Almonte","Miami","FL","(305) 779-7770","admin@brickelldentalcare.com","https://www.brickelldentalcare.com","Miami, FL • Downtown Brickell executive dental office"
US-DEN-018,"Bayshore Dental Tampa","Dr. Kevin Patel","Tampa","FL","(813) 254-2273","bayshoredental@gmail.com","https://www.bayshoredentaltampa.com","Tampa, FL • Hyde Park / Bayshore dental studio"
US-DEN-019,"Highland Park Dental","Dr. Gregory Allen","Dallas","TX","(214) 521-3730","info@highlandparkdental.com","https://www.highlandparkdental.com","Dallas, TX • Highland Park premier aesthetic clinic"
US-DEN-020,"Domain Dental Austin","Dr. Rachel Kim","Austin","TX","(512) 835-9000","team@domaindentalatx.com","https://www.domaindentalatx.com","Austin, TX • North Austin tech corridor dental studio"
US-DEN-021,"Uptown Houston Smiles","Dr. Marcus Vance","Houston","TX","(713) 552-0777","smile@uptownhoustonsmiles.com","https://www.uptownhoustonsmiles.com","Houston, TX • Post Oak & Uptown luxury dental boutique"
US-DEN-022,"Coral Gables Dental Health","Dr. Eduardo Silva","Miami","FL","(305) 444-2101","contact@coralgablesdentalhealth.com","https://www.coralgablesdentalhealth.com","Miami, FL • Coral Gables periodontics & implants"
US-DEN-023,"St. Pete Beach Dental","Dr. Kimberly Wright","Tampa","FL","(727) 360-6000","office@stpetedentalcare.com","https://www.stpetedentalcare.com","St. Petersburg, FL • Coastal comprehensive dental"
US-DEN-024,"Fort Worth Dental Arts","Dr. Nathan Cole","Fort Worth","TX","(817) 732-8178","info@fwdentalarts.com","https://www.fwdentalarts.com","Fort Worth, TX • Cultural district restorative practice"
US-DEN-025,"Lakeline Dental Austin","Dr. Stephanie Brooks","Austin","TX","(512) 250-9888","frontdesk@lakelinedental.com","https://www.lakelinedental.com","Austin, TX • Cedar Park & NW Austin emergency dental"
US-DEN-026,"Sugar Land Premier Dental","Dr. Tariq Mahmood","Houston","TX","(281) 242-1200","appointments@sugarlanddental.com","https://www.sugarlanddental.com","Sugar Land / Houston, TX • High-volume family practice"
US-DEN-027,"Coconut Grove Dentistry","Dr. Fernando Ruiz","Miami","FL","(305) 854-4112","hello@coconutgrovedental.com","https://www.coconutgrovedental.com","Miami, FL • Coconut Grove aesthetic & implant center"
US-DEN-028,"Carrollwood Dental Group","Dr. Brian Nelson","Tampa","FL","(813) 961-0568","info@carrollwooddental.com","https://www.carrollwooddental.com","Tampa, FL • North Tampa family dentistry"
US-DEN-029,"Turtle Creek Dental Dallas","Dr. Ashley Bennett","Dallas","TX","(214) 528-9990","care@turtlecreekdental.com","https://www.turtlecreekdental.com","Dallas, TX • Oak Lawn / Turtle Creek boutique office"
US-DEN-030,"Zilker Dental Austin","Dr. Matthew Evans","Austin","TX","(512) 441-2090","contact@zilkerdental.com","https://www.zilkerdental.com","Austin, TX • South Lamar / Zilker modern dental lounge"
US-DEN-031,"Katy Trail Dental Dallas","Dr. Samantha Ross","Dallas","TX","(214) 380-9071","info@katytraildental.com","https://www.katytraildental.com","Dallas, TX • Uptown Dallas high-traffic practice"
US-DEN-032,"Rice Village Dental Houston","Dr. Paul Stewart","Houston","TX","(713) 521-0010","frontdesk@ricevillagedental.com","https://www.ricevillagedental.com","Houston, TX • Rice University & Medical Center dental care"
US-DEN-033,"South Beach Dental Studio","Dr. Nicole Martin","Miami","FL","(305) 538-4555","smile@southbeachdentalstudio.com","https://www.southbeachdentalstudio.com","Miami Beach, FL • Lincoln Rd aesthetic & emergency care"
US-DEN-034,"Clearwater Smiles Studio","Dr. Jonathan Hayes","Tampa","FL","(727) 442-3333","info@clearwatersmiles.com","https://www.clearwatersmiles.com","Clearwater / Tampa Bay, FL • Implant & sedation clinic"
US-DEN-035,"Winter Park Dental Care","Dr. Elizabeth Diaz","Orlando","FL","(407) 644-0104","office@winterparkdentalcare.com","https://www.winterparkdentalcare.com","Orlando, FL • Winter Park historic luxury practice"
US-DEN-036,"Barton Springs Dental ATX","Dr. Eric Larson","Austin","TX","(512) 327-4040","hello@bartonspringsdental.com","https://www.bartonspringsdental.com","Austin, TX • South Austin family & preventative dentistry"
US-DEN-037,"Heights Modern Dental Houston","Dr. Allison Meyer","Houston","TX","(713) 868-4500","care@heightsmoderndental.com","https://www.heightsmoderndental.com","Houston, TX • The Heights community restorative practice"
US-DEN-038,"Aventura Dental Center","Dr. David Klein","Miami","FL","(305) 935-4030","aventuradentalcare@gmail.com","https://www.aventuradentalcenter.com","Miami, FL • Aventura Mall executive & cosmetic dental"
US-DEN-039,"Addison Cosmetic & Family Dental","Dr. Thomas Clark","Dallas","TX","(972) 490-3365","team@addisondental.com","https://www.addisondental.com","Dallas / Addison, TX • North Dallas corridor dental group"
US-DEN-040,"Woodlands Premier Smiles","Dr. Hannah Scott","Houston","TX","(281) 367-3331","info@woodlandspremiersmiles.com","https://www.woodlandspremiersmiles.com","The Woodlands / Houston, TX • High-income suburban center"
US-DEN-041,"Beverly Hills Dental Art","Dr. Kevin Sands","Los Angeles","CA","(310) 273-0111","concierge@beverlyhillsdentalart.com","https://www.beverlyhillsdentalart.com","Los Angeles, CA • Beverly Hills high-ticket cosmetic clinic"
US-DEN-042,"Santa Monica Bay Dental","Dr. Brett Lent","Los Angeles","CA","(310) 453-8602","info@santamonicabaydental.com","https://www.santamonicabaydental.com","Santa Monica, CA • Beachside restorative & urgent clinic"
US-DEN-043,"La Jolla Center for Advanced Dental","Dr. James Gray","San Diego","CA","(858) 454-0366","contact@lajolladentalcenter.com","https://www.lajolladentalcenter.com","San Diego, CA • La Jolla luxury implant center"
US-DEN-044,"Scottsdale Smile Center","Dr. Jonathan Coombs","Phoenix","AZ","(480) 991-2180","info@scottsdalesmile.com","https://www.scottsdalesmile.com","Scottsdale / Phoenix, AZ • Premier restorative dental practice"
US-DEN-045,"Buckhead Dental Partners","Dr. Jeffrey Ballard","Atlanta","GA","(404) 261-0610","care@buckheaddentalpartners.com","https://www.buckheaddentalpartners.com","Atlanta, GA • Buckhead financial district luxury clinic"
US-DEN-046,"Cherry Creek Dental Arts","Dr. Mark Hargreaves","Denver","CO","(303) 321-1323","office@cherrycreekdental.com","https://www.cherrycreekdental.com","Denver, CO • Cherry Creek premier aesthetic dentistry"
US-DEN-047,"Midtown Atlanta Dental Arts","Dr. Priya Patel","Atlanta","GA","(404) 872-6223","hello@midtownatlantadental.com","https://www.midtownatlantadental.com","Atlanta, GA • Midtown urban dental & emergency care"
US-DEN-048,"Newport Beach Dental Studio","Dr. Richard Baxter","Orange County","CA","(949) 644-5040","smile@newportbeachdentalstudio.com","https://www.newportbeachdentalstudio.com","Newport Beach, CA • Coastal high-ticket implant practice"
US-DEN-049,"Plano Smile Studio","Dr. Amanda Wright","Dallas","TX","(972) 398-2550","frontdesk@planosmilestudio.com","https://www.planosmilestudio.com","Plano / Dallas, TX • Legacy West corridor family dental"
US-DEN-050,"Southpark Family Dental","Dr. Christopher Hayes","Charlotte","NC","(704) 366-0770","info@southparkfamilydental.com","https://www.southparkfamilydental.com","Charlotte, NC • Southpark luxury residential dentistry"